{
    "origins": {
        "waterPassives": {
            "powers": {
                "air_conservation": {
                    "name": "Air Conservation",
                    "description": "You lose air slower underwater.",
                    "type": "origins:action_over_time",
                    "interval": 20,
                    "entity_action": {
                        "type": "origins:gain_air",
                        "value": 15
                    }
                },
                "water_swiftness": {
                    "name": "Water Swiftness",
                    "description": "Greatly enhanced speed in water.",
                    "type": "origins:multiple",
                    "powers": {
                        "swim_speed": {
                            "type": "origins:modify_swim_speed",
                            "modifier": {
                                "operation": "multiply_total_multiplicave",
                                "value": 4
                            }
                        },
                        "mining_speed": {
                            "condition": {
                                "type": "origins:swimming"
                            },
                            "type": "origins:modify_break_speed",
                            "modifier": {
                                "operation": "multiply_total_additive",
                                "value": 2.5
                            }
                        }
                    }
                }
            }
        },
        "windPassives": {
            "powers": {
                "soft_landing": {
                    "name": "Soft Landing",
                    "description": "Takes no fall damage.",
                    "type": "origins:modify_damage_taken",
                    "damage_condition": {
                        "type": "origins:from_falling"
                    },
                    "modifier": {
                        "operation": "multiply_base_additive",
                        "value": -1
                    }
                },
                "speed_bost": {
                    "name": "Speed Boost",
                    "description": "Increases air speed.",
                    "type": "origins:modify_air_speed",
                    "modifier": {
                        "operation": "multiply_base_additive",
                        "value": 1.5
                    }
                }
            }
        }
    },
    "powers": [
        "elements:waterPassives",
        "elements:windPassives"
    ]
}