{
    "name": "Mighty Wave",
    "description": "Summon a circle water shield around you with a 15s cooldown.",
    "type": "origins:active_self",
    "condition": {
        "inverted": true,
        "type": "origins:dimension",
        "dimension": "minecraft:the_nether"
    },
    "entity_action": {
        "type": "origins:and",
        "actions": [
            {
                "type": "origins:delay",
                "ticks": 0,
                "action": {
                    "type": "origins:and",
                    "actions": [
                        {
                            "type": "origins:execute_command",
                            "command": "fill ~4 ~-2 ~2 ~4 ~0 ~-2 water[level=1] replace air"
                        },
                        {
                            "type": "origins:execute_command",
                            "command": "fill ~-2 ~-2 ~-4 ~2 ~0 ~-4 water[level=1] replace air"
                        },
                        {
                            "type": "origins:execute_command",
                            "command": "fill ~-4 ~-2 ~2 ~-4 ~0 ~-2 water[level=1] replace air"
                        },
                        {
                            "type": "origins:execute_command",
                            "command": "fill ~-2 ~-2 ~4 ~2 ~0 ~4 water[level=1] replace air"
                        },
                        {
                            "type": "origins:execute_command",
                            "command": "fill ~2 ~-2 ~3 ~3 ~0 ~3 water[level=1] replace air"
                        },
                        {
                            "type": "origins:execute_command",
                            "command": "fill ~3 ~-2 ~2 ~3 ~0 ~2 water[level=1] replace air"
                        },
                        {
                            "type": "origins:execute_command",
                            "command": "fill ~3 ~-2 ~-2 ~3 ~0 ~-3 water[level=1] replace air"
                        },
                        {
                            "type": "origins:execute_command",
                            "command": "fill ~2 ~-2 ~-3 ~2 ~0 ~-3 water[level=1] replace air"
                        },
                        {
                            "type": "origins:execute_command",
                            "command": "fill ~-2 ~-2 ~-3 ~-3 ~0 ~-3 water[level=1] replace air"
                        },
                        {
                            "type": "origins:execute_command",
                            "command": "fill ~-3 ~-2 ~-2 ~-3 ~0 ~-2 water[level=1] replace air"
                        },
                        {
                            "type": "origins:execute_command",
                            "command": "fill ~-3 ~-2 ~2 ~-3 ~0 ~3 water[level=1] replace air"
                        },
                        {
                            "type": "origins:execute_command",
                            "command": "fill ~-2 ~-2 ~3 ~-2 ~0 ~3 water[level=1] replace air"
                        }
                    ]
                }
            },
            {
                "type": "origins:delay",
                "ticks": 1,
                "action": {
                    "type": "origins:and",
                    "actions": [
                        {
                            "type": "origins:execute_command",
                            "command": "fill ~4 ~-2 ~2 ~4 ~1 ~-2 water[level=1] replace air"
                        },
                        {
                            "type": "origins:execute_command",
                            "command": "fill ~-2 ~-2 ~-4 ~2 ~1 ~-4 water[level=1] replace air"
                        },
                        {
                            "type": "origins:execute_command",
                            "command": "fill ~-4 ~-2 ~2 ~-4 ~1 ~-2 water[level=1] replace air"
                        },
                        {
                            "type": "origins:execute_command",
                            "command": "fill ~-2 ~-2 ~4 ~2 ~1 ~4 water[level=1] replace air"
                        },
                        {
                            "type": "origins:execute_command",
                            "command": "fill ~2 ~-2 ~3 ~3 ~1 ~3 water[level=1] replace air"
                        },
                        {
                            "type": "origins:execute_command",
                            "command": "fill ~3 ~-2 ~2 ~3 ~1 ~2 water[level=1] replace air"
                        },
                        {
                            "type": "origins:execute_command",
                            "command": "fill ~3 ~-2 ~-2 ~3 ~1 ~-3 water[level=1] replace air"
                        },
                        {
                            "type": "origins:execute_command",
                            "command": "fill ~2 ~-2 ~-3 ~2 ~1 ~-3 water[level=1] replace air"
                        },
                        {
                            "type": "origins:execute_command",
                            "command": "fill ~-2 ~-2 ~-3 ~-3 ~1 ~-3 water[level=1] replace air"
                        },
                        {
                            "type": "origins:execute_command",
                            "command": "fill ~-3 ~-2 ~-2 ~-3 ~1 ~-2 water[level=1] replace air"
                        },
                        {
                            "type": "origins:execute_command",
                            "command": "fill ~-3 ~-2 ~2 ~-3 ~1 ~3 water[level=1] replace air"
                        },
                        {
                            "type": "origins:execute_command",
                            "command": "fill ~-2 ~-2 ~3 ~-2 ~1 ~3 water[level=1] replace air"
                        }
                    ]
                }
            },
            {
                "type": "origins:delay",
                "ticks": 2,
                "action": {
                    "type": "origins:and",
                    "actions": [
                        {
                            "type": "origins:execute_command",
                            "command": "fill ~4 ~-2 ~2 ~4 ~2 ~-2 water[level=1] replace air"
                        },
                        {
                            "type": "origins:execute_command",
                            "command": "fill ~-2 ~-2 ~-4 ~2 ~2 ~-4 water[level=1] replace air"
                        },
                        {
                            "type": "origins:execute_command",
                            "command": "fill ~-4 ~-2 ~2 ~-4 ~2 ~-2 water[level=1] replace air"
                        },
                        {
                            "type": "origins:execute_command",
                            "command": "fill ~-2 ~-2 ~4 ~2 ~2 ~4 water[level=1] replace air"
                        },
                        {
                            "type": "origins:execute_command",
                            "command": "fill ~2 ~-2 ~3 ~3 ~2 ~3 water[level=1] replace air"
                        },
                        {
                            "type": "origins:execute_command",
                            "command": "fill ~3 ~-2 ~2 ~3 ~2 ~2 water[level=1] replace air"
                        },
                        {
                            "type": "origins:execute_command",
                            "command": "fill ~3 ~-2 ~-2 ~3 ~2 ~-3 water[level=1] replace air"
                        },
                        {
                            "type": "origins:execute_command",
                            "command": "fill ~2 ~-2 ~-3 ~2 ~2 ~-3 water[level=1] replace air"
                        },
                        {
                            "type": "origins:execute_command",
                            "command": "fill ~-2 ~-2 ~-3 ~-3 ~2 ~-3 water[level=1] replace air"
                        },
                        {
                            "type": "origins:execute_command",
                            "command": "fill ~-3 ~-2 ~-2 ~-3 ~2 ~-2 water[level=1] replace air"
                        },
                        {
                            "type": "origins:execute_command",
                            "command": "fill ~-3 ~-2 ~2 ~-3 ~2 ~3 water[level=1] replace air"
                        },
                        {
                            "type": "origins:execute_command",
                            "command": "fill ~-2 ~-2 ~3 ~-2 ~2 ~3 water[level=1] replace air"
                        }
                    ]
                }
            },
            {
                "type": "origins:delay",
                "ticks": 3,
                "action": {
                    "type": "origins:and",
                    "actions": [
                        {
                            "type": "origins:execute_command",
                            "command": "fill ~4 ~-2 ~2 ~4 ~3 ~-2 water[level=1] replace air"
                        },
                        {
                            "type": "origins:execute_command",
                            "command": "fill ~-2 ~-2 ~-4 ~2 ~3 ~-4 water[level=1] replace air"
                        },
                        {
                            "type": "origins:execute_command",
                            "command": "fill ~-4 ~-2 ~2 ~-4 ~3 ~-2 water[level=1] replace air"
                        },
                        {
                            "type": "origins:execute_command",
                            "command": "fill ~-2 ~-2 ~4 ~2 ~3 ~4 water[level=1] replace air"
                        },
                        {
                            "type": "origins:execute_command",
                            "command": "fill ~2 ~-2 ~3 ~3 ~3 ~3 water[level=1] replace air"
                        },
                        {
                            "type": "origins:execute_command",
                            "command": "fill ~3 ~-2 ~2 ~3 ~3 ~2 water[level=1] replace air"
                        },
                        {
                            "type": "origins:execute_command",
                            "command": "fill ~3 ~-2 ~-2 ~3 ~3 ~-3 water[level=1] replace air"
                        },
                        {
                            "type": "origins:execute_command",
                            "command": "fill ~2 ~-2 ~-3 ~2 ~3 ~-3 water[level=1] replace air"
                        },
                        {
                            "type": "origins:execute_command",
                            "command": "fill ~-2 ~-2 ~-3 ~-3 ~3 ~-3 water[level=1] replace air"
                        },
                        {
                            "type": "origins:execute_command",
                            "command": "fill ~-3 ~-2 ~-2 ~-3 ~3 ~-2 water[level=1] replace air"
                        },
                        {
                            "type": "origins:execute_command",
                            "command": "fill ~-3 ~-2 ~2 ~-3 ~3 ~3 water[level=1] replace air"
                        },
                        {
                            "type": "origins:execute_command",
                            "command": "fill ~-2 ~-2 ~3 ~-2 ~3 ~3 water[level=1] replace air"
                        }
                    ]
                }
            },
            {
                "type": "origins:delay",
                "ticks": 4,
                "action": {
                    "type": "origins:and",
                    "actions": [
                        {
                            "type": "origins:execute_command",
                            "command": "fill ~4 ~-2 ~2 ~4 ~4 ~-2 water[level=1] replace air"
                        },
                        {
                            "type": "origins:execute_command",
                            "command": "fill ~-2 ~-2 ~-4 ~2 ~4 ~-4 water[level=1] replace air"
                        },
                        {
                            "type": "origins:execute_command",
                            "command": "fill ~-4 ~-2 ~2 ~-4 ~4 ~-2 water[level=1] replace air"
                        },
                        {
                            "type": "origins:execute_command",
                            "command": "fill ~-2 ~-2 ~4 ~2 ~4 ~4 water[level=1] replace air"
                        },
                        {
                            "type": "origins:execute_command",
                            "command": "fill ~2 ~-2 ~3 ~3 ~4 ~3 water[level=1] replace air"
                        },
                        {
                            "type": "origins:execute_command",
                            "command": "fill ~3 ~-2 ~2 ~3 ~4 ~2 water[level=1] replace air"
                        },
                        {
                            "type": "origins:execute_command",
                            "command": "fill ~3 ~-2 ~-2 ~3 ~4 ~-3 water[level=1] replace air"
                        },
                        {
                            "type": "origins:execute_command",
                            "command": "fill ~2 ~-2 ~-3 ~2 ~4 ~-3 water[level=1] replace air"
                        },
                        {
                            "type": "origins:execute_command",
                            "command": "fill ~-2 ~-2 ~-3 ~-3 ~4 ~-3 water[level=1] replace air"
                        },
                        {
                            "type": "origins:execute_command",
                            "command": "fill ~-3 ~-2 ~-2 ~-3 ~4 ~-2 water[level=1] replace air"
                        },
                        {
                            "type": "origins:execute_command",
                            "command": "fill ~-3 ~-2 ~2 ~-3 ~4 ~3 water[level=1] replace air"
                        },
                        {
                            "type": "origins:execute_command",
                            "command": "fill ~-2 ~-2 ~3 ~-2 ~4 ~3 water[level=1] replace air"
                        }
                    ]
                }
            }
        ]
    },
    "cooldown": 500,
    "hud_render": {
        "should_render": true,
        "sprite_location": "origins:textures/gui/community/huang/resource_bar_01.png",
        "bar_index": 10
    },
    "key": {
        "key": "key.origins.secondary_active"
    }
}