{
    "swim_speed": {
        "type": "origins:modify_swim_speed",
        "modifier": {
            "operation": "multiply_total_multiplicave",
            "value": 4
        }
    },
    "mining_speed": {
        "condition": {
            "type": "origins:swimming"
        },
        "type": "origins:modify_break_speed",
        "modifier": {
            "operation": "multiply_total_additive",
            "value": 2.5
        }
    },
    "name": "Water Swiftness",
    "description": "Greatly enhanced speed in water.",
    "type": "origins:multiple",
    "powers": null
}